{
  "year": 2022,
  "n_total": 4154,
  "accuracy": 0.5050553683196919,
  "sensitivity": 0.5918966529653552,
  "precision": 0.7619047619047619,
  "r2_phase3plus": 0.33627942073040595
}