{
  "year": 2024,
  "n_total": 4295,
  "accuracy": 0.6689173457508731,
  "sensitivity": 0.8599670510708401,
  "precision": 0.7236598890942699,
  "r2_phase3plus": 0.3950829459337769
}