{
  "year": 2023,
  "n_total": 4925,
  "accuracy": 0.5782741116751269,
  "sensitivity": 0.8071879553181156,
  "precision": 0.7473021582733813,
  "r2_phase3plus": 0.45629443162922634
}